2018-06-07T23:34:28Z,640278,shunwuyu,https://api.github.com/users/shunwuyu
2018-06-08T06:47:49Z,35523511,yrq1429,https://api.github.com/users/yrq1429
2018-06-08T06:47:57Z,38418699,zengkaii,https://api.github.com/users/zengkaii
2018-06-08T06:47:57Z,34919519,zll18314831310,https://api.github.com/users/zll18314831310
2018-06-08T06:48:07Z,36653037,hx-dl,https://api.github.com/users/hx-dl
2018-06-08T06:48:12Z,38418954,LestaSan,https://api.github.com/users/LestaSan
2018-06-08T06:48:13Z,38375503,1haixinzgf,https://api.github.com/users/1haixinzgf
2018-06-08T06:48:15Z,38453453,beidouhupo,https://api.github.com/users/beidouhupo
2018-06-08T06:48:16Z,38389754,liaoruochen,https://api.github.com/users/liaoruochen
2018-06-08T06:48:17Z,34811329,1239930167,https://api.github.com/users/1239930167
2018-06-08T06:48:32Z,38552120,Marszht,https://api.github.com/users/Marszht
2018-06-08T06:49:09Z,29034936,HeiLiu,https://api.github.com/users/HeiLiu
2018-06-08T06:49:15Z,32203226,Kerinlin,https://api.github.com/users/Kerinlin
2018-06-08T06:49:54Z,30338198,yuanyuneee,https://api.github.com/users/yuanyuneee
2018-06-08T06:49:58Z,38418863,fuyurou,https://api.github.com/users/fuyurou
2018-06-08T06:50:07Z,37777150,hongzhengzheng,https://api.github.com/users/hongzhengzheng
2018-06-08T06:50:17Z,38997982,dzyook,https://api.github.com/users/dzyook
2018-06-08T06:50:22Z,38277776,shiyisanyecao,https://api.github.com/users/shiyisanyecao
2018-06-08T06:50:37Z,38883739,Caster-gsx,https://api.github.com/users/Caster-gsx
2018-06-08T06:51:21Z,37163594,duzuimoye,https://api.github.com/users/duzuimoye
2018-06-08T06:51:53Z,38418899,xujiayuanqqq,https://api.github.com/users/xujiayuanqqq
2018-06-08T06:52:03Z,38375406,mystery66,https://api.github.com/users/mystery66
2018-06-08T06:52:39Z,32086899,joinnew,https://api.github.com/users/joinnew
2018-06-08T06:54:25Z,26088828,zoutianci,https://api.github.com/users/zoutianci
2018-06-08T01:52:25Z,39892156,you77520,https://api.github.com/users/you77520
2018-06-08T02:37:13Z,40048193,songzhifei1230,https://api.github.com/users/songzhifei1230
2018-06-08T02:37:40Z,15881390,yangrongliang,https://api.github.com/users/yangrongliang
2018-06-08T02:42:11Z,40048200,yanyanru65,https://api.github.com/users/yanyanru65
2018-06-08T02:43:48Z,24238324,CCM-ONLY,https://api.github.com/users/CCM-ONLY
2018-06-08T02:45:32Z,38347775,wangguoshengwgs,https://api.github.com/users/wangguoshengwgs
2018-06-08T02:48:14Z,40048452,WANGZ1995,https://api.github.com/users/WANGZ1995
2018-06-08T02:48:25Z,26430322,Vermouth1,https://api.github.com/users/Vermouth1
2018-06-08T02:49:08Z,40048320,SunnyBess,https://api.github.com/users/SunnyBess
2018-06-08T02:57:37Z,40048612,JanisHao,https://api.github.com/users/JanisHao
2018-06-08T02:59:18Z,28746919,wsfyy1,https://api.github.com/users/wsfyy1
2018-06-08T03:09:10Z,40048457,brave21,https://api.github.com/users/brave21
2018-06-08T03:09:15Z,40048543,Ling-C,https://api.github.com/users/Ling-C
2018-06-08T03:12:38Z,40049113,wuxueqiao,https://api.github.com/users/wuxueqiao
2018-06-08T04:27:42Z,26211461,jingjingding,https://api.github.com/users/jingjingding
2018-06-08T05:19:07Z,16135358,wangzhebuzai,https://api.github.com/users/wangzhebuzai
2018-06-08T05:28:49Z,40051305,ningmeng2018,https://api.github.com/users/ningmeng2018
2018-06-08T05:49:56Z,40049397,tangtiantian2,https://api.github.com/users/tangtiantian2
2018-06-08T05:52:14Z,39762213,luochengcheng,https://api.github.com/users/luochengcheng
2018-06-08T05:57:42Z,39261698,chen-lingling,https://api.github.com/users/chen-lingling
2018-06-08T07:49:49Z,40055234,mwyjljtg,https://api.github.com/users/mwyjljtg
2018-06-08T11:35:21Z,40061219,EricGarnett,https://api.github.com/users/EricGarnett
2018-06-08T02:36:19Z,10266465,gongcf,https://api.github.com/users/gongcf
2018-06-08T03:04:43Z,23024319,jsogn,https://api.github.com/users/jsogn
2018-06-08T06:49:58Z,38418699,zengkaii,https://api.github.com/users/zengkaii
2018-06-08T06:49:59Z,34811329,1239930167,https://api.github.com/users/1239930167
2018-06-08T06:50:02Z,33884004,xiguan-wuge,https://api.github.com/users/xiguan-wuge
2018-06-08T06:50:04Z,34919519,zll18314831310,https://api.github.com/users/zll18314831310
2018-06-08T06:50:07Z,36653037,hx-dl,https://api.github.com/users/hx-dl
2018-06-08T06:50:14Z,38552120,Marszht,https://api.github.com/users/Marszht
2018-06-08T06:50:16Z,640278,shunwuyu,https://api.github.com/users/shunwuyu
2018-06-08T06:50:16Z,38418863,fuyurou,https://api.github.com/users/fuyurou
2018-06-08T06:50:17Z,29034936,HeiLiu,https://api.github.com/users/HeiLiu
2018-06-08T06:50:19Z,38497070,wangxifa,https://api.github.com/users/wangxifa
2018-06-08T06:50:19Z,38453453,beidouhupo,https://api.github.com/users/beidouhupo
2018-06-08T06:50:23Z,38883739,Caster-gsx,https://api.github.com/users/Caster-gsx
2018-06-08T06:50:34Z,38278949,JoeWrights,https://api.github.com/users/JoeWrights
2018-06-08T06:50:41Z,38275018,keepAwayFrom404,https://api.github.com/users/keepAwayFrom404
2018-06-08T06:50:52Z,30338198,yuanyuneee,https://api.github.com/users/yuanyuneee
2018-06-08T06:51:00Z,38277776,shiyisanyecao,https://api.github.com/users/shiyisanyecao
2018-06-08T06:52:08Z,38274611,HuanqingDeng,https://api.github.com/users/HuanqingDeng
2018-06-08T06:52:10Z,38418899,xujiayuanqqq,https://api.github.com/users/xujiayuanqqq
2018-06-08T06:52:44Z,32086899,joinnew,https://api.github.com/users/joinnew
2018-06-08T06:54:39Z,26088828,zoutianci,https://api.github.com/users/zoutianci
2018-06-07T15:48:02Z,554231,morhetz,https://api.github.com/users/morhetz
2018-06-07T17:16:10Z,20777666,AndreiCalazans,https://api.github.com/users/AndreiCalazans
2018-06-07T17:28:43Z,619186,brunolemos,https://api.github.com/users/brunolemos
2018-06-07T18:26:55Z,2762082,souporserious,https://api.github.com/users/souporserious
2018-06-07T19:19:43Z,11700003,betiol,https://api.github.com/users/betiol
2018-06-07T19:29:20Z,2005841,sibelius,https://api.github.com/users/sibelius
2018-06-07T20:09:59Z,10820159,joao-alberto,https://api.github.com/users/joao-alberto
2018-06-07T20:47:14Z,1177226,itsmepetrov,https://api.github.com/users/itsmepetrov
2018-06-07T23:23:42Z,749374,slorber,https://api.github.com/users/slorber
2018-06-08T02:46:53Z,1797812,pranaygp,https://api.github.com/users/pranaygp
2018-06-08T07:05:27Z,993108,kristerkari,https://api.github.com/users/kristerkari
2018-06-08T08:07:33Z,81981,stipsan,https://api.github.com/users/stipsan
2018-06-08T08:27:11Z,697630,klauskohut,https://api.github.com/users/klauskohut
2018-06-08T12:30:21Z,923036,xcarpentier,https://api.github.com/users/xcarpentier
2018-06-08T12:44:32Z,10338,BrandonSmith,https://api.github.com/users/BrandonSmith
2018-06-07T09:58:11Z,23305,ricomadiko,https://api.github.com/users/ricomadiko
2018-06-07T14:30:45Z,872310,JedWatson,https://api.github.com/users/JedWatson
2018-06-07T14:36:20Z,205375,danburzo,https://api.github.com/users/danburzo
2018-06-07T15:29:55Z,7661146,joshuarosato,https://api.github.com/users/joshuarosato
2018-06-07T15:45:33Z,1714673,browniefed,https://api.github.com/users/browniefed
2018-06-07T16:21:09Z,1043478,spentacular,https://api.github.com/users/spentacular
2018-06-07T16:21:27Z,7748788,kacgrzes,https://api.github.com/users/kacgrzes
2018-06-07T16:24:24Z,3233495,meetajhu,https://api.github.com/users/meetajhu
2018-06-07T23:08:06Z,6822604,ihtml5,https://api.github.com/users/ihtml5
2018-06-08T02:48:31Z,4373581,zapkub,https://api.github.com/users/zapkub
2018-06-08T07:57:35Z,3958832,seeden,https://api.github.com/users/seeden
2018-06-08T08:38:44Z,13808299,gauravssnl,https://api.github.com/users/gauravssnl
2018-06-08T09:14:12Z,6754588,strayiker,https://api.github.com/users/strayiker
2018-06-08T09:43:52Z,1935696,karlhorky,https://api.github.com/users/karlhorky
2018-06-08T12:44:07Z,10569203,huygn,https://api.github.com/users/huygn
2018-06-07T10:21:30Z,41305,hllwd,https://api.github.com/users/hllwd
2018-06-07T10:26:33Z,3742992,haxiomic,https://api.github.com/users/haxiomic
2018-06-07T12:21:04Z,6682092,Jeremboo,https://api.github.com/users/Jeremboo
2018-06-07T14:05:09Z,6717746,agarcialeon,https://api.github.com/users/agarcialeon
2018-06-07T16:48:35Z,1998991,ayamflow,https://api.github.com/users/ayamflow
2018-06-07T16:51:34Z,187920,underlost,https://api.github.com/users/underlost
2018-06-07T18:44:02Z,31256170,andydbc,https://api.github.com/users/andydbc
2018-06-07T19:06:59Z,1177112,NStal,https://api.github.com/users/NStal
2018-06-07T19:35:17Z,2302254,terkelg,https://api.github.com/users/terkelg
2018-06-08T00:25:58Z,15966814,Guardwu2015,https://api.github.com/users/Guardwu2015
2018-06-08T02:22:25Z,6396266,FantasticPerson,https://api.github.com/users/FantasticPerson
2018-06-08T02:57:15Z,31042569,chelleccruz,https://api.github.com/users/chelleccruz
2018-06-08T02:58:48Z,11950900,chelleccarlyle,https://api.github.com/users/chelleccarlyle
2018-06-08T07:30:48Z,7050932,Hornebom,https://api.github.com/users/Hornebom
2018-06-07T21:49:09Z,9550995,Steun,https://api.github.com/users/Steun
2018-06-07T22:00:57Z,3198082,aerger,https://api.github.com/users/aerger
2018-06-07T22:11:05Z,7180764,cmonte905,https://api.github.com/users/cmonte905
2018-06-07T22:41:18Z,17804673,mhallo,https://api.github.com/users/mhallo
2018-06-07T22:48:18Z,13769484,LakeYS,https://api.github.com/users/LakeYS
2018-06-08T01:25:55Z,5714460,gcarvelli,https://api.github.com/users/gcarvelli
2018-06-08T01:59:36Z,1512399,byungjikroh,https://api.github.com/users/byungjikroh
2018-06-08T05:00:00Z,6001608,smasongarrison,https://api.github.com/users/smasongarrison
2018-06-08T05:17:12Z,8504604,sindrehan,https://api.github.com/users/sindrehan
2018-06-08T06:52:49Z,2229828,oshank,https://api.github.com/users/oshank
2018-06-08T09:50:05Z,22449912,hfsh,https://api.github.com/users/hfsh
2018-06-08T10:12:20Z,22764031,AnonymerNiklasistanonym,https://api.github.com/users/AnonymerNiklasistanonym
2018-06-07T09:37:39Z,2226260,cevio,https://api.github.com/users/cevio
2018-06-07T13:09:53Z,4987802,xuhp,https://api.github.com/users/xuhp
2018-06-07T13:10:56Z,22249954,ALeehui,https://api.github.com/users/ALeehui
2018-06-07T13:11:56Z,26107736,shenjian1984,https://api.github.com/users/shenjian1984
2018-06-08T02:10:47Z,23054250,WenShunLiu,https://api.github.com/users/WenShunLiu
2018-06-08T04:48:08Z,22781663,zhaoluting,https://api.github.com/users/zhaoluting
2018-06-08T09:00:21Z,13316392,axuebin,https://api.github.com/users/axuebin
2018-06-08T09:13:31Z,21073039,muwoo,https://api.github.com/users/muwoo
2018-06-08T09:14:31Z,10152413,limingyang2012,https://api.github.com/users/limingyang2012
2018-06-08T12:21:48Z,22587011,vvzt,https://api.github.com/users/vvzt
2018-06-08T01:02:20Z,1542831,cjpatoilo,https://api.github.com/users/cjpatoilo
2018-06-08T06:06:20Z,6154901,armand1m,https://api.github.com/users/armand1m
2018-06-08T07:58:17Z,11315660,yo7,https://api.github.com/users/yo7
2018-06-08T09:12:03Z,4368806,DavidBernal,https://api.github.com/users/DavidBernal
2018-06-08T09:12:11Z,112161,KrofDrakula,https://api.github.com/users/KrofDrakula
2018-06-08T09:44:23Z,2979531,rish,https://api.github.com/users/rish
2018-06-08T06:39:36Z,11594928,Evan0524,https://api.github.com/users/Evan0524
2018-06-08T06:40:04Z,23065064,hikariming,https://api.github.com/users/hikariming
2018-06-08T06:45:46Z,1808447,matrixorz,https://api.github.com/users/matrixorz
2018-06-08T07:47:26Z,30967766,mmmilo00,https://api.github.com/users/mmmilo00
2018-06-08T11:56:58Z,39992879,fengg2018,https://api.github.com/users/fengg2018
2018-06-08T12:12:50Z,33169812,NAHYY,https://api.github.com/users/NAHYY
2018-06-07T02:56:41Z,25635994,LhLoveZgg,https://api.github.com/users/LhLoveZgg
2018-06-07T02:59:59Z,19162008,diaosiwei,https://api.github.com/users/diaosiwei
2018-06-07T03:28:50Z,24823795,codingreview,https://api.github.com/users/codingreview
2018-06-07T03:30:10Z,33007678,bonjour520,https://api.github.com/users/bonjour520
2018-06-07T03:30:54Z,27755315,15106796291,https://api.github.com/users/15106796291
2018-06-07T15:57:55Z,2804336,KamuelaFranco,https://api.github.com/users/KamuelaFranco
2018-06-07T15:58:33Z,39658827,chnaski,https://api.github.com/users/chnaski
2018-06-07T15:58:52Z,1161544,dannymichel,https://api.github.com/users/dannymichel
2018-06-07T15:59:08Z,26684952,deployjar,https://api.github.com/users/deployjar
2018-06-07T16:33:22Z,32816635,dianaimh,https://api.github.com/users/dianaimh
2018-06-07T08:19:14Z,1403893,kenshinji,https://api.github.com/users/kenshinji
2018-06-07T08:29:25Z,21961780,Casprine,https://api.github.com/users/Casprine
2018-06-07T09:20:21Z,1075965,takuan-osho,https://api.github.com/users/takuan-osho
2018-06-07T10:28:42Z,16314025,heyuxin,https://api.github.com/users/heyuxin
2018-06-07T22:01:51Z,2497323,aussieboi,https://api.github.com/users/aussieboi
2018-06-07T16:04:29Z,1884376,raisedadead,https://api.github.com/users/raisedadead
2018-06-07T16:52:37Z,985197,QuincyLarson,https://api.github.com/users/QuincyLarson
2018-06-07T17:43:29Z,10110245,ifvictr,https://api.github.com/users/ifvictr
2018-06-07T19:30:11Z,16709534,nikrb,https://api.github.com/users/nikrb
2018-06-08T08:52:19Z,4967253,willworth,https://api.github.com/users/willworth
2018-06-07T03:52:09Z,7663762,ToddL1u,https://api.github.com/users/ToddL1u
2018-06-07T03:52:50Z,19511481,tempo4964,https://api.github.com/users/tempo4964
2018-06-07T03:54:02Z,8266796,lwjason,https://api.github.com/users/lwjason
2018-06-07T03:54:24Z,24668519,LSYu7152,https://api.github.com/users/LSYu7152
2018-06-08T04:03:27Z,8306843,maodaniel1990,https://api.github.com/users/maodaniel1990
2018-06-07T12:22:30Z,876086,bjoerge,https://api.github.com/users/bjoerge
2018-06-07T12:23:39Z,134077,thomax,https://api.github.com/users/thomax
2018-06-07T13:47:57Z,10508,sjelfull,https://api.github.com/users/sjelfull
2018-06-07T14:37:26Z,1131579,kmelve,https://api.github.com/users/kmelve
2018-06-07T14:01:32Z,10344370,daveols,https://api.github.com/users/daveols
2018-06-07T14:23:04Z,7652207,nathanmalishev,https://api.github.com/users/nathanmalishev
2018-06-08T03:32:00Z,7336481,jxom,https://api.github.com/users/jxom
2018-06-08T08:26:38Z,5687681,lorderikir,https://api.github.com/users/lorderikir
2018-06-07T10:37:15Z,37407849,L-FMing,https://api.github.com/users/L-FMing
2018-06-07T10:44:27Z,39983821,Luying0829,https://api.github.com/users/Luying0829
2018-06-07T11:38:21Z,39895670,lyinga,https://api.github.com/users/lyinga
2018-06-07T13:21:48Z,39409621,CyqHenNiu,https://api.github.com/users/CyqHenNiu
2018-06-07T18:49:13Z,1616411,jondcampbell,https://api.github.com/users/jondcampbell
2018-06-07T18:51:20Z,375788,jrtashjian,https://api.github.com/users/jrtashjian
2018-06-07T20:19:15Z,1256090,cfoellmann,https://api.github.com/users/cfoellmann
2018-06-07T20:23:52Z,115410,mgibbs189,https://api.github.com/users/mgibbs189
2018-06-07T17:48:49Z,16341707,cmpickle,https://api.github.com/users/cmpickle
2018-06-07T17:49:25Z,19877296,codingtacos,https://api.github.com/users/codingtacos
2018-06-07T17:50:45Z,877638,rpendleton,https://api.github.com/users/rpendleton
2018-06-07T17:50:52Z,13237046,jasonactually,https://api.github.com/users/jasonactually
2018-06-08T05:43:28Z,335467,pascalduez,https://api.github.com/users/pascalduez
2018-06-08T07:21:16Z,223045,nikgraf,https://api.github.com/users/nikgraf
2018-06-08T08:59:45Z,11071,okonet,https://api.github.com/users/okonet
2018-06-08T11:20:50Z,5080854,glennreyes,https://api.github.com/users/glennreyes
2018-06-08T06:57:44Z,26105445,kg-rose,https://api.github.com/users/kg-rose
2018-06-08T07:04:14Z,39479787,angle-s,https://api.github.com/users/angle-s
2018-06-08T07:06:21Z,13334976,zhengwei1209,https://api.github.com/users/zhengwei1209
2018-06-07T06:00:43Z,12891633,maoabc2015,https://api.github.com/users/maoabc2015
2018-06-07T06:13:14Z,4750973,cmdplusr,https://api.github.com/users/cmdplusr
2018-06-07T14:17:29Z,7065942,yasuf,https://api.github.com/users/yasuf
2018-06-07T15:47:21Z,308049,ralphtheninja,https://api.github.com/users/ralphtheninja
2018-06-07T16:39:31Z,3055345,vweevers,https://api.github.com/users/vweevers
2018-06-08T12:45:39Z,136109,hxoht,https://api.github.com/users/hxoht
2018-06-08T09:17:12Z,20496444,vanishcode,https://api.github.com/users/vanishcode
2018-06-08T10:24:33Z,11460601,zivyangll,https://api.github.com/users/zivyangll
2018-06-08T12:33:20Z,15025212,zhuyali,https://api.github.com/users/zhuyali
2018-06-07T18:25:42Z,2662706,christian-fei,https://api.github.com/users/christian-fei
2018-06-07T19:30:36Z,465519,yamafaktory,https://api.github.com/users/yamafaktory
2018-06-08T06:18:27Z,799202,alferpal,https://api.github.com/users/alferpal
2018-06-07T13:52:23Z,5671786,devjin0617,https://api.github.com/users/devjin0617
2018-06-07T14:54:31Z,11402853,rkdgusrnrlrl,https://api.github.com/users/rkdgusrnrlrl
2018-06-08T01:16:21Z,35222595,sunweibin,https://api.github.com/users/sunweibin
2018-06-07T09:10:05Z,39692701,sahouba,https://api.github.com/users/sahouba
2018-06-07T09:10:14Z,39692591,Keorex,https://api.github.com/users/Keorex
2018-06-07T09:10:23Z,39692529,Milan-20,https://api.github.com/users/Milan-20
2018-06-08T03:53:27Z,9741920,iSuwei,https://api.github.com/users/iSuwei
2018-06-08T07:06:01Z,310379,WorkTimer,https://api.github.com/users/WorkTimer
2018-06-08T09:03:46Z,28854761,chenmingyong2,https://api.github.com/users/chenmingyong2
2018-06-07T11:28:11Z,9568665,ancoka,https://api.github.com/users/ancoka
2018-06-07T12:00:20Z,15154207,Riggin,https://api.github.com/users/Riggin
2018-06-07T15:20:28Z,15305854,dtianhao,https://api.github.com/users/dtianhao
